<?xml version="1.0" encoding="UTF-8"?>
<project-private xmlns="http://www.netbeans.org/ns/project-private/1">
    <editor-bookmarks xmlns="http://www.netbeans.org/ns/editor-bookmarks/2" lastBookmarkId="0"/>
    <open-files xmlns="http://www.netbeans.org/ns/projectui-open-files/2">
        <group>
            <file>file:/C:/Users/warak/OneDrive/Desktop/programming/project/JavaProject/src/ProductDataBuy.java</file>
            <file>file:/C:/Users/warak/OneDrive/Desktop/programming/project/JavaProject/src/Selldata.txt</file>
            <file>file:/C:/Users/warak/OneDrive/Desktop/programming/project/JavaProject/src/dataProduct.txt</file>
            <file>file:/C:/Users/warak/OneDrive/Desktop/programming/project/JavaProject/src/BuyGUI.java</file>
            <file>file:/C:/Users/warak/OneDrive/Desktop/programming/project/JavaProject/src/MainMenu.java</file>
            <file>file:/C:/Users/warak/OneDrive/Desktop/programming/project/JavaProject/src/SellGUI.java</file>
        </group>
    </open-files>
</project-private>
